109128,2COLOUR LOGO 3P,BLACK/MEDGREHEA,TRAINING,SOCKS,Unisex,846.99
653254,BEACH TB 2,NEWCURACA/CHILI,TRAINING,BAGS,Woman,837.99
90411,LFC FITTED CAP,BLACK/LGTSCARLT,FOOTBALL/SOCCER,HEADWEAR,Men,965.99
28636,BATIDA GRAIN W,RUNWHT/FREGRE/LEAD,TENNIS,SHOES,Woman,789.99
59448,INF ART TRUNK A,PUNJAB,SWIM,SWIMWEAR,Men,915.99
694581,S 83-C TWIST,MEDGREHEA/MIDRED,ORIGINALS,JACKETS,Woman,289.99
791253,BONE SS M,BLACK,NOT SPORTS SPECIFIC,T-SHIRTS,Men,98.99
648203,BI-TONAL POLO,WHITE,TRAINING,POLO SHIRTS,Men,1275.99
G50724,CORE 50,BLACK1/BLACK1/INTPNK,TRAINING,SHOES,Woman,359.99
K15494,PADDED JKT,BLACK,OUTDOOR,JACKETS,Men,1208.99
P43729,ESS STR POLO,WHITE,TRAINING,POLO SHIRTS,Woman,106.99
551921,VAPORSPEED TR,GRAPHI/BLACK/GOLD,TRAINING,SHOES,Men,1558.99
309598,REFEREE SHIRT,BLACK/LEGACY,ORIGINALS,POLO SHIRTS,Men,1204.99
P90419,SP Y 3S PESPANT,PURPLEBEA/RADIANAQU,TRAINING,PANTS,Woman,538.99
919796,KICK 3 I,BLACK1/WHT/DCHILI,ORIGINALS,SHOES,Infant,1024.99
610160,TROF TRG SHO,BLACK,FOOTBALL/SOCCER,SHORTS,Men,374.99
537595,B49 TRAINER K,RUNWHT/DKINDI/SILVER,TRAINING,SHOES,Kid,369.99
373077,B TREFOIL CAP,VIVIDRED/LEGACY,ORIGINALS,HEADWEAR,Men,1247.99
24935,SPORTHEIM PANT,BLACK/LEGACY,ORIGINALS,PANTS,Men,887.99
308040,365 SIG GYM SUI,RUBIAGREY,TRAINING,SUITS,Men,179.99
743176,RH SUN HAT,BONE/LEGACY,ORIGINALS,HEADWEAR,Woman,200.99
E41330,FIN. LON. CAP.,WHITE/POPPY,FOOTBALL/SOCCER,BALLS,Men,364.99
55564,ADICOLOR CAP,BLACK/SATELLITE,ORIGINALS,HEADWEAR,Unisex,1514.99
612508,FBS GRA TEE,BLACK,FOOTBALL/SOCCER,T-SHIRTS,Men,1410.99
14505,MISSY GAME II,MUSBRO/TECBRO/TECGRE,ORIGINALS,SHOES,Woman,1291.99
385758,SAVAGE 2003 W,BREEZE/LAZART/SOLUCE,RUNNING,SHOES,Woman,1136.99
K81931,STRAPPY VEST,ROSE RED F10-R,WORKOUT,TOPS,Woman,74.99
664274,TOP TEN LT LOW,BLACK1/METSIL/BLACK1,BASKETBALL,SHOES,Men,1368.99
667201,KG BOUNCE,BLACK1/LONEBL/RUNWHT,BASKETBALL,SHOES,Men,641.99
E14787,ESS CREW TEE,BLACK,TRAINING,T-SHIRTS,Kid,1303.99
418009,EXTEND LOW XCR,PUTTY/HEMP/FLPJA,OUTDOOR,SHOES,Men,1438.99
802152,"ELITE BTL 0,5L",WAVEBLUE/WHITE,TRAINING,HARDWARE ACCESSORIES,Unisex,969.99
571040,RG SHORT,DARKSLATE/Powderblu,TENNIS,SHORTS,Men,244.99
303221,ME WV STR PANT,RUBIAGREY,TRAINING,PANTS,Woman,1114.99
60008,W COMP.WARMUP,WHITE/BLACK,TENNIS,SUITS,Woman,1404.99
372246,AC M 3S TEE,WHITE/VIVIDRED,TRAINING,T-SHIRTS,Men,393.99
615894,PREDATOR CLUB,WHITE/BLACK,FOOTBALL/SOCCER,PROTECTION GEAR,Men,814.99
805443,RH POCKET BELT,BONE/CONCRETE,ORIGINALS,BAGS,Woman,280.99
G41601,SNICE CF I,RUNWHI/RADPNK/FRECAN,TRAINING,SHOES,Infant,308.99
506916,RES CT TH POLO,DRKINDIGO/WHITE,TENNIS,POLO SHIRTS,Men,1456.99
10529,ORACLE LOGO CVS II,BLACK1/RUNWHI/RUNWHI,TENNIS,SHOES,Men,1013.99
741327,CORE MT TRUCKER,DARKNAVY/WAVEBLUE,ORIGINALS,HEADWEAR,Unisex,1189.99
109125,NA TRACK TOP,BLACK/SHOCKRED,TRAINING,JACKETS,Woman,1404.99
462756,SUPERSTAR CF I,WHT/ENERGY/MAJEST,ORIGINALS,SHOES,Infant,743.99
627254,SFT SHORT,LGHTSCREE,ORIGINALS,SHORTS,Men,77.99
741916,GYM CU TRACK PA,LIGHTBARK,TRAINING,PANTS,Woman,255.99
P06130,FIREBIRD TP,ARTRED,ORIGINALS,PANTS,Woman,1004.99
373735,FARRAH PANT,BLACK/LEGACY,ORIGINALS,PANTS,Woman,1126.99
503822,CORE CUFF PANT,BLACK,ORIGINALS,PANTS,Woman,587.99
87699,TF UW BOXER,WHITE,TRAINING,TIGHTS,Men,525.99
506169,PREMIO JSY LS,WHITE/NEWNAVY,FOOTBALL/SOCCER,JERSEYS,Men,992.99
95231,PB LOGO TEE,DARKSPACE/LGHTSPACE,ORIGINALS,T-SHIRTS,Woman,908.99
566076,WINTER LS 2,TITANIUM/ALLOY,ORIGINALS,SWEATERS,Men,435.99
P08258,LF SS TT CS,TIN,ORIGINALS,JACKETS,Men,559.99
10349,+PREDITO II TF,DPSPMT/METSIL/METSIL,FOOTBALL/SOCCER,SHOES,Men,310.99
X50274,M-REKORD,RINSEDENI,ORIGINALS,PANTS,Men,893.99
73634,ESS BERTY SHORT,DARKSLATE/WHITE,TRAINING,SHORTS,Men,1459.99
556104,BASICS L TIGHT,BLACK/RUNNWHITE,TRAINING,TIGHTS,Woman,70.99
659010,FOOT B BPACK,SUNSHINE/BLACK,FOOTBALL/SOCCER,BAGS,Unisex,1454.99
314393,3S CB TEE,WHITE/DARKONIX,TRAINING,T-SHIRTS,Men,122.99
G44341,ADI SUN W,AERRED/AERRED/WHT,ORIGINALS,SANDALS/SLIPPERS,Woman,178.99
93399,BORN ON THE COU,DEEPCHILI/BLACK,BASKETBALL,T-SHIRTS,Men,65.99
G23045,TOP TEN LO NBA,BLACK1/COGRSL/DARONX,ORIGINALS,SHOES,Men,165.99
303775,SUMMIT VEST,DRKMARINE,ORIGINALS,JACKETS,Men,921.99
156919,YR-SLEEVEL.VEST,ONIX/URANUS,TRAINING,JACKETS,Men,1565.99
635942,BS SHORT LL,LIGHTAQUA,SWIM,SWIMWEAR,Men,285.99
506926,RES CT TRAD POL,WHITE/BLACK,TENNIS,POLO SHIRTS,Men,1226.99
G12098,NIZZA LO,WHT/WHT/WHT,ORIGINALS,SHOES,Men,633.99
67669,ADIDAS CB SH B,ORANGE/DARKSLATE,SWIM,SWIMWEAR,Kid,637.99
653882,PLAYA X-ITE,WHITE/COLLEGRED,FOOTBALL/SOCCER,BALLS,Men,1198.99
76411,RECORD T.TOP,DARKNAVY/DEEPROYAL,TRAINING,JACKETS,Men,1425.99
83163,CL FZ HOOD,MONOPINK/WHITE,TRAINING,SWEATSHIRTS,Kid,1442.99
608760,D S V TOP,VAPOUR/COLEGAQUA,ORIGINALS,T-SHIRTS,Woman,812.99
52363,ADICREW 6PP,BLACK/WHITE,TRAINING,SOCKS,Unisex,1040.99
43943,MICROBOUNCE LT W,LGRANI/INTPIN/GRAGRE,RUNNING,SHOES,Woman,286.99
909213,HONEY LOW GRUEN,LGTRUB/VAPOUR/WHT,ORIGINALS,SHOES,Woman,1363.99
P93799,BNCE L/S TEE,BLACK/WHITE,TRAINING,T-SHIRTS,Men,87.99
E14815,REAL TT,DARKPURPL/WHITE,ORIGINALS,JACKETS,Men,853.99
47466,SBW TEE,MINTGREEN,TRAINING,T-SHIRTS,Woman,409.99
652808,PERFANTO M,NEWNAV/WHT/NEWNAV,SWIM,SANDALS/SLIPPERS,Men,372.99
E43699,CR_BTS POWER,TINMET/PURESTEEL,TRAINING,BAGS,Unisex,604.99
O43781,SE SL,SUSHI GREEN F11-R,RUNNING,T-SHIRTS,Men,1417.99
740397,ET TRAINPANT,WHITE/SILVER,TRAINING,PANTS,Woman,596.99
464269,BRASIC HIGH STR,STONE/POWGRE/RUNWHT,TENNIS,SHOES,Unisex,861.99
949151,FREEST ANTOXIA,IRON/POWERRED,TRAINING,BAGS,Unisex,1314.99
628367,CLUB WV PANT,LIGHTIRON,TRAINING,PANTS,Men,663.99
462570,+F10.6 TRX TF,WHT/ZENITH/MASBLU,FOOTBALL/SOCCER,SHOES,Men,1342.99
L12075,SUPER CAN W,NGTPUR/NGTPUR/NGTPUR,TENNIS,SHOES,Woman,854.99
P93004,INF 3S HD FZ PO,BLUEBEAUT/DRKINDIGO,TRAINING,SUITS,Infant,847.99
946175,PERF SHOOTING TOP TBF,WHITE/RED,BASKETBALL,JERSEYS,Men,666.99
602427,BTS CLASSIC BP,BLACK/SILVER,TRAINING,BAGS,Unisex,39.99
79848,+PRED CC JSY,BLACK/COLLEGRED,FOOTBALL/SOCCER,JERSEYS,Men,1531.99
RK31840,CITY BAG,COMBAT GREEN S09-R,Err:520,BAGS,Unisex,1543.99
518674,SHORE,DUSK/BLACK/PEWTER,RUNNING,SHOES,Men,718.99
574490,LIN POLO STRIPE,Echo/WHITE,TRAINING,POLO SHIRTS,Woman,1352.99
616267,PARTIDO,BLACK/PREDATRED,FOOTBALL/SOCCER,PROTECTION GEAR,Men,866.99
504225,GS 3/4 TRG PANT,BLACK/TRUERED,FOOTBALL/SOCCER,PANTS,Men,1113.99
616356,RESPONSE PRO,COBALT/WHITE,FOOTBALL/SOCCER,PROTECTION GEAR,Men,1452.99
418018,EXTEND MID XCR,BURRO/SHREW/FOUND,OUTDOOR,SHOES,Men,1492.99
553190,TUSCANY ENDURO HI SUEDE,BLACK/WHT/Laser,ORIGINALS,SHOES,Men,70.99
P96578,CORE LS TEE,DEEPCHILI,SPORT STYLE,T-SHIRTS,Men,561.99
P91434,PAD JKT YOUNG,NIGHTSKY,TRAINING,JACKETS,Men,98.99
V37058,T DISNEY B G3PP,WHITE/FRESHBLUE,TRAINING,SOCKS,Kid,1404.99
545094,PREMIUM CARRY N,SCREEGREY/PEARL,TRAINING,BAGS,Woman,463.99
309523,SUPERGIRL JCKT.,DIABOLO/DRKMARINE,ORIGINALS,JACKETS,Woman,303.99
K23394,METAL BADGE CAP,BLACK,TRAINING,HEADWEAR,Woman,1087.99
X25062,ESS 3S TRACKTOP,MEDGREHEA/WHITE,TRAINING,JACKETS,Woman,1025.99
741357,COURT WRISTBAND,WHITE/WAVEBLUE,ORIGINALS,APPAREL ACCESSORIES,Unisex,658.99
696985,AD TRACKTOP,BLACK/CHALK2,TRAINING,JACKETS,Men,1189.99
667361,BTB LT W,RUNWHT/DSHALE/CALLIS,BASKETBALL,SHOES,Woman,1244.99
J02608,DINAMO TF,BLACK/WHITE/RED,FOOTBALL/SOCCER,SHOES,Men,1438.99
625057,GYM CU PADDED J,DARKSPACE,TRAINING,JACKETS,Woman,136.99
802695,G. WAITZ BAG,FAIRWAY/WHITE,ORIGINALS,BAGS,Woman,113.99
67183,ALI GAZE,MEDGREHEA,TRAINING,T-SHIRTS,Men,805.99
O57443,M QUILTED SWT,BLACK,ORIGINALS,JACKETS,Men,277.99
58762,ADI FIREBIRD TT,COLLENAVY/LGTORANGE,ORIGINALS,JACKETS,Men,407.99
36666,GALAXY SMV SE K,ALABAS/MERGRE/RUNWHT,ORIGINALS,SHOES,Kid,40.99
O57866,VESPA TRACK TOP,BLACK/DARKSHALE,ORIGINALS,JACKETS,Men,105.99
561329,TELSTAR TRX TF,RUNWHT/COLRED/COLRED,FOOTBALL/SOCCER,SHOES,Men,490.99
650075,3S FADING CAP,BLACK,TRAINING,HEADWEAR,Unisex,1243.99
686611,BC CALYPSO PANT,DARKNAVY,TRAINING,PANTS,Men,219.99
38343,BI-TONAL BP CLA,TAUPE,TRAINING,BAGS,Unisex,821.99
608524,BL NIGHT TEE,MIDBLUE,ORIGINALS,T-SHIRTS,Woman,60.99
318135,AMPH SHIRT W,CRISTAL,OUTDOOR,T-SHIRTS,Woman,82.99
26779,3SI 3/4 PANTS,PHANTOM/WHITE,TRAINING,PANTS,Woman,780.99
805923,+TG MINI,BLACK/black,FOOTBALL/SOCCER,BALLS,Men,220.99
397979,DBA BP,COLLENAVY,FOOTBALL/SOCCER,BAGS,Kid,93.99
X35539,RUN GRAPH TANK,SUPERPINK,TRAINING,T-SHIRTS,Woman,184.99
12779,TACTIC LOW W,WHT/CALLIS/SPLASH,ORIGINALS,SHOES,Woman,1119.99
48194,FZ KNIT V,MINTGREEN/LIGHTJADE,ORIGINALS,JACKETS,Men,1382.99
467959,NRTN,BLACK1/LEAD/SILVER,ORIGINALS,SHOES,Men,97.99
12194,MACTELO,BLSACU/GRSACU/BROMET,TRAINING,SHOES,Unisex,583.99
603007,F.C. KNIT,APOLLO/LEMONPEEL,TRAINING,SWEATERS,Men,1355.99
G00817,SUPERSTAR 2 CMF I,WHT/PURGRN/PURYEL,ORIGINALS,SHOES,Infant,1496.99
E14705,ESS 3SKNIT SUIT,BLOOM/PHANTOM,TRAINING,SUITS,Woman,136.99
10496,+F50.7 TUNIT UPPER,RUNWHT/BLACK1/METSIL,FOOTBALL/SOCCER,SHOES,Men,681.99
K24230,CORE W/O PANT S,BLACK,TRAINING,PANTS,Woman,662.99
G41851,EQT REMODEL,DKINDI/FREBLU/WHT,ORIGINALS,SHOES,Men,1476.99
27963,AR SWEAT TT,SILVER,ORIGINALS,JACKETS,Woman,936.99
J84086,EASYTONE REECHILL II,LTHR/GRY/GRVL/SLV/PUR/GRY,TRAINING,SHOES,Woman,1349.99
569413,PHAIDON LS TEE,BLACK,TRAINING,T-SHIRTS,Woman,1400.99
67703,SOLID SHORT BOY,BLACK/DARKSLATE,SWIM,SWIMWEAR,Kid,644.99
69561,REG JSY P,GOLD/TORO,FOOTBALL/SOCCER,JERSEYS,Men,367.99
RK29185,SMOOTH FIT CAP,WHITE,TRAINING,HEADWEAR,Woman,1061.99
608433,D AG GRAPHIC TE,CARGO,ORIGINALS,T-SHIRTS,Woman,1192.99
G03908,VESPA SPRINT VELOCE,WHT/WHT/BLACK1,ORIGINALS,SHOES,Men,1297.99
V10866,SN 3/4 TI W,STRONGPNK/INTENSPNK,RUNNING,TIGHTS,Woman,775.99
610604,ESS NEW PANT,TAUPE,TRAINING,PANTS,Men,557.99
E80278,I 3SA 1PC,BLACK/PINKCANDY,SWIM,SWIMWEAR,Woman,1118.99
E16349,365INSP SL TEE,WHITE/SILVER,TRAINING,T-SHIRTS,Men,797.99
503973,SUPERSKATE TEE,FAIRWAY/METSILVER,ORIGINALS,T-SHIRTS,Men,265.99
802812,PLAY OFF BTS 3,TORO/BLACK,TRAINING,BAGS,Men,34.99
140219,TRAIL STR ZO P,VENTUGREY,OUTDOOR,PANTS,Men,1260.99
608325,RH WINTER COATI,BLACK,ORIGINALS,JACKETS,Woman,727.99
566401,ASC HOODIE,MARSRED/SUNSHINE,ORIGINALS,SWEATSHIRTS,Men,1001.99
544970,BL STRIPE CLASP,BLOOM/POOL,ORIGINALS,HARDWARE ACCESSORIES,Woman,645.99
919974,LAHAR TRAINER,WHT/PURCY/METSIL,NOT SPORTS SPECIFIC,SHOES,Woman,780.99
519143,RAYANO,BLACK/WHT/AQUA,SWIM,SANDALS/SLIPPERS,Men,65.99
K14789,HOODIE,BLACK,WORKOUT,SWEATSHIRTS,Men,230.99
E44538,YAT ORGANIZER,ROOT/MATTORANG,TRAINING,BAGS,Woman,698.99
607093,B EDGE BERMUDA,BLACK,TENNIS,SHORTS,Kid,1529.99
X30563,CS LONG LOGO HO,BLACK,ORIGINALS,SWEATSHIRTS,Woman,1453.99
652266,PANT 3S YOUNG,BLACK/SHADEGREY,TRAINING,PANTS,Men,904.99
O05608,T W ADILIB. 2PP,BLACK/WHITE,TRAINING,SOCKS,Woman,1160.99
558296,3S MESH CAP,DEEPSEA,TRAINING,HEADWEAR,Unisex,487.99
X15511,DISNEY CAP G,ULTRAPINK/SUPERPINK,TRAINING,HEADWEAR,Kid,856.99
K23099,YNG KNIT TSUIT,HEROINE PINK S10-RBLACK,TRAINING,SUITS,Woman,595.99
371987,DANIN HD.ZIPTOP,MEDGREHEA,TRAINING,JACKETS,Woman,1085.99
77673,AJAX REV TOP,BLACK/TORO,FOOTBALL/SOCCER,SWEATSHIRTS,Men,600.99
P08661,CGYM KICKPANTS,PURESTEEL/PINKMET,TRAINING,PANTS,Woman,1356.99
E17431,CR T LINANKLE3P,WHITE/MEDGREHEA,TRAINING,SOCKS,Unisex,1018.99
K23236,GRAPH V NEC T,HEROINE PINK S10-R-BLACK,SPORT STYLE,T-SHIRTS,Woman,720.99
29774,BC MATURE JUMP.,BONE/DARKCLAY,TRAINING,SWEATERS,Men,1059.99
42174,PORSCHE DESIGN 1 LUX,BLACK1/BLACK1/METGOL,ORIGINALS,SHOES,Men,105.99
K83428,CITY BAG,BLACK/ULTRAMARINE F10-R/S,TRAINING,BAGS,Unisex,613.99
640765,ESSENTIAL JUMP,BLACK/NEOBLUE,WORKOUT,HARDWARE ACCESSORIES,Unisex,1302.99
615588,LKB - LTA CAP,POPPY/LIGHTONIX,TRAINING,HEADWEAR,Kid,1314.99
558175,DASSLER CAP ADJ,LGTTITAN,TRAINING,HEADWEAR,Unisex,214.99
V87196,FS ULTIMATE,SHARPBLUE/ELECTRICI,FOOTBALL/SOCCER,PROTECTION GEAR,Men,1162.99
J09773,VALDE II 500F - PB,WHITE/BLACK/RED,FOOTBALL/SOCCER,BALLS,Unisex,759.99
116264,MISSY CROSS TRAIN,CHOCOL/ICEBLU/CHOCOL,ORIGINALS,SHOES,Woman,98.99
614595,VENUS,BLACK/WHITE,ORIGINALS,BAGS,Woman,1123.99
P08254,SVESPA COAT,BLACK,ORIGINALS,JACKETS,Men,141.99
741916,GYM CU TRACK PA,LIGHTBARK,TRAINING,PANTS,Woman,255.99
43601,LS-MOVE II,BLACK1/LAVMET/LAVMET,NOT SPORTS SPECIFIC,SHOES,Woman,231.99
G31514,JOGGER K,RUNWHT/DKINDI/RUNWHT,NOT SPORTS SPECIFIC,SHOES,Kid,1288.99
809597,SS 2G6  HALF-SHELL,UNIRED/RUNWHT/METGOL,BASKETBALL,SHOES,Men,731.99
E81108,ADISTAR L/S TEE,PHANTOM/TIN,RUNNING,T-SHIRTS,Men,1406.99
O43556,TD-ZIGJKT,BLACK-TIN GREY F11-R,TRAINING,JACKETS,Men,648.99
86418,3S BTS,DIVA/BLOOM,TRAINING,JACKETS,Kid,1270.99
O05266,I DYQ SET G 1,CRYSTAL/MEDGREHEA,TRAINING,SUITS,Infant,1422.99
635296,D-STRIPE POLO,FRESHPINK,ORIGINALS,POLO SHIRTS,Men,157.99
P90724,ESY TS,BLACK/RED,TRAINING,SUITS,Kid,524.99
E13546,TRAIL FCT TEE,RED,OUTDOOR,T-SHIRTS,Men,1191.99
79668,+PRED DB HD JK,WHITE,FOOTBALL/SOCCER,JACKETS,Men,35.99
396209,NY BACKPACK 3,DARKCLAY/NEWNAVY,BASEBALL,BAGS,Unisex,209.99
372070,AC G SWEAT JKTY,DARKCHOCO/TRUERED,TRAINING,JACKETS,Kid,1242.99
367285,SOUVENIER TEE,WHITE/FAIRWAY,ORIGINALS,T-SHIRTS,Men,655.99
37876,BTS MESSENGERBA,BLADEBLUE/DARKBLADE,TRAINING,BAGS,Unisex,1189.99
V86519,STAR TB,BLACK/ULTLILMET,FOOTBALL/SOCCER,BAGS,Unisex,859.99
