"J11328","PREMIER FLEX GTX III","BLK/PURE SLV/MED GREY/TAR","FOOTWEAR","WALKING","SHOES","SHOES (LOW)","Men"
"O12998","RC 1/2 PANT","BLACK","TEXTILES","RUNNING","PANTS","PANTS (3/4)","Men"
"552581","METEOR 2005","BLACK/METSIL/PRDRED","FOOTWEAR","TRACK AND FIELD","SHOES","SHOES (LOW)","Unisex"
"J05705","ACTIVE POWER","BLACK/BLACK/STEEL","FOOTWEAR","SKATEBOARDING","SHOES","SHOES (MID)","Kid"
"790805","JK SUMATRA M","MEDGREHEA","TEXTILES","SURFING","SWEATSHIRTS","SWEATSHIRT (LONG SLEEVE)","Men"
"671507","BOXING 2000","Silver/RUNWHT/BLACK","FOOTWEAR","BOXING","SHOES","SHOES (LOW)","Men"
"32858","NY BACKPACK 2","BLACK/MERCUGREY","HARDWARE","BASEBALL","BAGS","BACKPACK","Unisex"
"32918","CERRO TR BOOT CP W","RUBGRE/STAGRE/BLACK1","FOOTWEAR","OUTDOOR","SHOES","SHOES (MID)","Woman"
"618577","WEIGHT SUIT","POPPY/WHITE","TEXTILES","WEIGHTLIFTING","UNDERWEAR","BODYWEAR-SUIT","Woman"
"37752","TECHSTAR METEOR","DKNAVY/SILMET/SILVER","FOOTWEAR","TRACK AND FIELD","SHOES","SHOES (LOW)","Unisex"
"G18043","RABANATOR II LOGO K","LEGACY/DKNAVY/DKNAVY","FOOTWEAR","SKATEBOARDING","SHOES","SHOES (LOW)","Kid"
"774776","M SS CLCOOL MK","BLACK","TEXTILES","GOLF","TOPS","OTHER TOP","Men"
"145958","FEROX","BLACK/RUNWHT/SILVER","FOOTWEAR","WRESTLING","SHOES","SHOES (LOW)","Men"
"661103","+ABSOLADO TRX FG","UNIRED/RUNWHT/CARDIN","FOOTWEAR","FOOTBALL/SOCCER","SHOES","FOOTBALL SHOES (FIRM GROUND)","Men"
"61016","TS COMMANDER","RUNWHT/BLACK1/SATELL","FOOTWEAR","BASKETBALL","SHOES","SHOES (MID)","Men"
"16589","FEROX W","RUNWHT/Silver/POWBL","FOOTWEAR","WRESTLING","SHOES","SHOES (LOW)","Woman"
"658514","NY SUBWAY SLING","DK.SLATE/SESAME","HARDWARE","BASEBALL","BAGS","BACKPACK","Unisex"
"790821","POLO K.ON M","BOLTBLUE","TEXTILES","SURFING","T-SHIRTS","T-SHIRT (SHORT SLEEVE)","Men"
"31528","VANQUISH 2","ALUMIN/DKORAN/IROMET","FOOTWEAR","RUNNING","SHOES","SHOES (LOW)","Men"
"G15933","DRIVE CHASSIS","BLACK1/BLACK1/TITMET","FOOTWEAR","MOTORSPORT","SHOES","SHOES (LOW)","Men"
"G17628","RACER CLOSE","SARCOL/SARCOL/TITAPD","FOOTWEAR","MOTORSPORT","SHOES","SHOES (LOW)","Men"
"G00132","PD GOLF SPIKELESS","WHT/WHT/IROGRE","FOOTWEAR","GOLF","SHOES","SHOES (LOW)","Men"
"J87884","EASYTONE REECOMMIT","GREY/PURP/SLVR/CALI BLUE","FOOTWEAR","WALKING","SHOES","SHOES (LOW)","Woman"
"781526","C 509 BLACK /.","0,00","HARDWARE","ALPINE SKIING","GLIDING SP.EQUIPMENT","#N/A","Unisex"
"462549","+F10.6 TRX FG","RUNWHT/ZENITH/MASBLU","FOOTWEAR","FOOTBALL/SOCCER","SHOES","FOOTBALL SHOES (FIRM GROUND)","Men"
"538352","TYGUN II","BLACK/RUNNINWHT","FOOTWEAR","BOXING","SHOES","SHOES (LOW)","Men"
"42259","M TEAM TEE","WHITE/DARKNAVY","TEXTILES","TENNIS","T-SHIRTS","T-SHIRT (SHORT SLEEVE)","Men"
"562319","NOVA WALK 06","DARONX/METSIL/DSHALE","FOOTWEAR","WALKING","SHOES","SHOES (LOW)","Men"
"G13130","COMPOUND","BLACK1/BLACK1/LGTIPD","FOOTWEAR","GOLF","SHOES","SHOES (LOW)","Men"
"396559","+TG SWERVE DBMI","WHITE/BLACK","HARDWARE","FOOTBALL/SOCCER","BALLS","BALL (MACHINE-STITCHED)","Men"
"34549","LTA SS2G C","RUNWHI/SHABLU/VAPOUR","FOOTWEAR","BASKETBALL","SHOES","SHOES (LOW)","Kid"
"611975","NY 3III ADJ","TECHBROWN/VITAGREEN","TEXTILES","BASEBALL","HEADWEAR","CAP","Unisex"
"534120","UNIVERSITY TR","BLACK/CHALK2/METGOL","FOOTWEAR","AMERICAN FOOTB.","SHOES","SHOES (LOW)","Men"
"310372","3-STR.TRUNK","DARKONIX/ALTITUDE","TEXTILES","SWIM","SWIMWEAR","TRUNK","Men"
"G13433","TORRENT VII W","RUNWHT/ULTBEA/BLACK1","FOOTWEAR","TENNIS","SHOES","SHOES (LOW)","Woman"
"G40388","DRIVE ATHLETIC","BLACK1/BLACK1/SATURN","FOOTWEAR","MOTORSPORT","SHOES","SHOES (LOW)","Men"
"682190","ARG JSY","ARGENTBLU/WHITE","TEXTILES","RUGBY","JERSEYS","JERSEY (LONG SLEEVE)","Men"
"U43902","DRIVE ATHLETIC","WHTTIT/WHTTIT/PALYEL","FOOTWEAR","MOTORSPORT","SHOES","SHOES (LOW)","Men"
"661642","CURBWAX K","CARGO/BONE/RUNWHI","FOOTWEAR","SKATEBOARDING","SHOES","SHOES (LOW)","Kid"
"30385","BOKAJONE MID I","BLOOM/RUNWHI/RUNWHI","FOOTWEAR","SKATEBOARDING","SHOES","SHOES (LOW)","Infant"
"782204","C509SC BLACK","0,00","HARDWARE","ALPINE SKIING","GLIDING SP.EQUIPMENT","#N/A","Unisex"
"146546","NEW LAWSUIT","CAMEL/CURB/ORANGE","FOOTWEAR","SKATEBOARDING","SHOES","SHOES (LOW)","Men"
"E81862","NYY WOOLIE","BLACK/IRON","TEXTILES","BASEBALL","HEADWEAR","WOOLIE","Unisex"
"397645","PREM CARRYBAG","BLACK/SOFTVIOLE","HARDWARE","TRAINING","BAGS","TEAMBAG (WITHOUT WHEELS)","Woman"
"635845","UTIL SH BL","LGHTSCREE","TEXTILES","SWIM","SWIMWEAR","SWIM SHORTS","Men"
"K81938","STRAPPY VEST","WHITE","TEXTILES","WORKOUT","TOPS","STRAP VEST","Woman"
"G02142","RACER HI","BLACK1/BLACK1/TITAPD","FOOTWEAR","CAR RACING","SHOES","SHOES (MID)","Men"
"E17699","NY 3III ADJ","BLACK/NUBLUE","TEXTILES","BASEBALL","HEADWEAR","CAP","Unisex"
"89425","TUNIT  SG STUD 12X15/4X18 MM","SILVER/TRANSPARE","FOOTWEAR","FOOTBALL/SOCCER","FOOTWEAR ACCESSORIES","STUDS","Unisex"
"38386","BIG SHOT","RUNWHT/CHROME/THGREY","FOOTWEAR","TENNIS","SHOES","SHOES (LOW)","Men"
"612003","NY CLASS ADJ.","BAMBOO/BLACK","TEXTILES","BASEBALL","HEADWEAR","CAP","Unisex"
"383914","ALLURA II","NAVAJO/LEGACY","FOOTWEAR","GOLF","SHOES","SHOES (LOW)","Woman"
"G12702","SAHALE LOW","DRKCIN/MIDCIN/BLACK1","FOOTWEAR","OUTDOOR","SHOES","SHOES (LOW)","Men"
"636391","BEACH TRIBIKINI","PETUNIA/BAJABLUE","TEXTILES","SWIM","SWIMWEAR","BIKINI SET","Woman"
"K82916","EV WORKOUT PANT","BLACK","TEXTILES","WORKOUT","PANTS","PANTS (1/1)","Woman"
"545187","TORPEDO X-EBITI","ORANGE/METSILVER","HARDWARE","RUGBY","BALLS","BALL (MACHINE-STITCHED)","Men"
"741394","AB JERSEY CAP","BLACK","TEXTILES","RUGBY","HEADWEAR","CAP","Unisex"
"37452","FOCAL II M","MERGRE/STEMET/BLACK/","FOOTWEAR","RUNNING","SHOES","SHOES (LOW)","Men"
"807426","CHILWA W","NEONBL/WHT/LBONE","FOOTWEAR","SWIM","SANDALS/SLIPPERS","SLIDES","Woman"
"318179","LINEN POLO M","THYME/ALU","TEXTILES","OUTDOOR","T-SHIRTS","T-SHIRT (SHORT SLEEVE)","Men"
"741823","WIRED EU S/L T","BLACK","TEXTILES","BASKETBALL","T-SHIRTS","T-SHIRT (SLEEVELESS)","Men"
"P46319","INF DY Q2DAISET","MAGICBERR/PINKBUZZ","TEXTILES","TRAINING","SUITS","YOUTH/BABY JOGGER","Infant"
"V43438","SPORTERRA CLASSIC III","CHARCOAL BRN/EXC RED/BLK","FOOTWEAR","WALKING","SHOES","SHOES (LOW)","Men"
"568093","3SA SWEAT","DARKNAVY/IGLOO","TEXTILES","TRAINING","SWEATSHIRTS","SWEATSHIRT (LONG SLEEVE)","Men"
"793989","JN LUCKY M","BLUE","TEXTILES","SURFING","PANTS","PANTS (1/1)","Men"
"41982","ADISTAR WEIGHT","METSIL/BLACK/MASBLU","FOOTWEAR","WEIGHTLIFTING","SHOES","SHOES (LOW)","Men"
"614715","WTERREX TANK","WHITE","TEXTILES","OUTDOOR","TOPS","TANK","Woman"
"644483","SEASONAL POLO","ATLANBLUE/DRKATLANT","TEXTILES","TRAINING","POLO SHIRTS","POLO SHIRT (SHORT SLEEVE)","Men"
"J04077","RAINWALKER VIII","SADDLE/BLACK","FOOTWEAR","WALKING","SHOES","SHOES (LOW)","Men"
"694894","TECH-PANT","BLACK","TEXTILES","GOLF","PANTS","PANTS (1/1)","Men"
"J04445","SPORTERRA CLASSIC","BLACK/LAGOON","FOOTWEAR","WALKING","SHOES","SHOES (LOW)","Men"
"791442","SHRT CADDY M","ALU","TEXTILES","SURFING","SHORTS","SHORTS (1/4)","Men"
"532101","RSP WIND JKT","RUBIAGREY/RAVERED","TEXTILES","RUNNING","JACKETS","JACKET","Men"
"557428","3S SHORT","DARKNAVY/WHITE","TEXTILES","TENNIS","SHORTS","SHORTS (1/4)","Men"
"537998","ADISTAR SL","BLACK/RUNWHT/GOLDMT","FOOTWEAR","WRESTLING","SHOES","SHOES (LOW)","Men"
"E85234","NEW CO L/S POLO","DEPTITAPD","TEXTILES","GOLF","POLO SHIRTS","POLO SHIRT (LONG SLEEVE)","Men"
"617317","B SPRINTSUIT M","POPPY/WHITE","TEXTILES","TRACK AND FIELD","UNDERWEAR","BODYWEAR-SUIT","Men"
"618223","WEIGHT TEE","WHITE/POPPY","TEXTILES","WEIGHTLIFTING","T-SHIRTS","T-SHIRT (SHORT SLEEVE)","Men"
"665648","TYGUN","BLACK/RUNWHT/POPPY","FOOTWEAR","BOXING","SHOES","SHOES (LOW)","Men"
"561488","MY SCENE SKATE K","RUNWHI/DIVA/COLBLU","FOOTWEAR","SKATEBOARDING","SHOES","SHOES (LOW)","Kid"
"RK17971","OTM SS TOP","BLACK/BLACK","TEXTILES","WORKOUT","T-SHIRTS","T-SHIRT (SHORT SLEEVE)","Woman"
"549122","A CUB.PRO-TEAM","BLACK/RUNNINWHT","FOOTWEAR","BASKETBALL","SHOES","SHOES (LOW)","Men"
"790802","HOTEE JAVA M","SAND","TEXTILES","SURFING","SWEATSHIRTS","SWEATSHIRT (LONG SLEEVE)","Men"
"38687","CLIMACOOL 3 RUN","RUNNINWHT/POPPY","FOOTWEAR","RUNNING","SHOES","SHOES (LOW)","Woman"
"302357","WMSFU BEANIE","RUBIAGREY/ALUMINUM2","TEXTILES","TRAINING","HEADWEAR","BEANIE","Woman"
"42102","BRASIC STR HIGH II","CELGRE/RAVGRN/MLEAD","FOOTWEAR","TENNIS","SHOES","SHOES (LOW)","Unisex"
"X12277","OE 3S CAP","BLACK/WHITE","TEXTILES","FOOTBALL/SOCCER","HEADWEAR","CAP","Unisex"
"382250","SUR","DARONX/TORO/ALUMI2","FOOTWEAR","RUNNING","SHOES","SHOES (LOW)","Men"
"67249","ACTIVE S-TOWEL","DARKNAVY/WHITE","TEXTILES","SWIM","APPAREL ACCESSORIES","OTHER ACCESSORIES (APP)","Unisex"
"X13062","365 PANT WV OH","BLACK","TEXTILES","TRAINING","PANTS","PANTS (1/1)","Men"
"676133","SCORCH3 TRX","BLACK/UNIVERRED","FOOTWEAR","AMERICAN FOOTB.","SHOES","SHOES (LOW)","Men"
"K41607","ESS TECH SS TOP","BLACK/BLACK","TEXTILES","WORKOUT","T-SHIRTS","T-SHIRT (SHORT SLEEVE)","Men"
"667848","TEAM COLOR","RUNWHT/RUNWHT/METSIL","FOOTWEAR","BASKETBALL","SHOES","SHOES (MID)","Men"
"J04008","STEADY STRIDE DMX RIDE","BLACK/SHARK/DARK SILVER","FOOTWEAR","WALKING","SHOES","SHOES (LOW)","Men"
"U43752","DRIVE COLLAPSE","BLACK1/BLACK1/TITAPD","FOOTWEAR","MOTORSPORT","SHOES","SHOES (LOW)","Men"
"909192","LTA BOKAJONE MID C","SHABLU/VAPOUR/NEOWHI","FOOTWEAR","SKATEBOARDING","SHOES","SHOES (LOW)","Kid"
"14932","TYGUN 03","BLACK/METSILVER","FOOTWEAR","BOXING","SHOES","SHOES (LOW)","Men"
"791371","TEE FC 2 M","CHOCOLAT","TEXTILES","SURFING","T-SHIRTS","T-SHIRT (SHORT SLEEVE)","Men"
"618034","AW 3SAI SUIT","TULIP/LIME","TEXTILES","SWIM","SWIMWEAR","SWIMSUIT","Infant"
"153775","BOXING ROBE","NEWNAVY/SILVER","TEXTILES","BOXING","APPAREL ACCESSORIES","ROBE","Men"
"V43493","RAINWALKER XI DMX MAX","BLACK/TIN GREY/PURE SLVR","FOOTWEAR","WALKING","SHOES","SHOES (LOW)","Woman"
"146541","NEW LAWSUIT","WGREY/SHADOW/GUM3","FOOTWEAR","SKATEBOARDING","SHOES","SHOES (LOW)","Men"
"537990","IRONWORK II","METSIL/POPPY/BLACK","FOOTWEAR","WEIGHTLIFTING","SHOES","SHOES (LOW)","Men"
"676135","SCORCH3 TRX","RUNNINWHT/BLACK","FOOTWEAR","AMERICAN FOOTB.","SHOES","SHOES (LOW)","Men"
"R586340","INTEGRITY 09 IND","BLACK/WHITE/GOLD","FOOTWEAR","FOOTBALL/SOCCER","SHOES","SHOES (LOW)","Men"
"218972","3S COMPOSITE J","MAHOGANY","HARDWARE","AMERICAN FOOTB.","BALLS","BALL (MACHINE-STITCHED)","Kid"
"538002","RESPONSE WRESTL","COLRED/RUNWHT/BLACK","FOOTWEAR","WRESTLING","SHOES","SHOES (LOW)","Men"
"749131","SAVAGE","BLACK1/COLGOL/LEAD","FOOTWEAR","RUNNING","SHOES","SHOES (LOW)","Men"
"534116","UNIVERSITY TR","RUNWHI/BLACK/METGOL","FOOTWEAR","AMERICAN FOOTB.","SHOES","SHOES (LOW)","Men"
"538007","A`TTAAK","COLRED/METSIL/METSIL","FOOTWEAR","WRESTLING","SHOES","SHOES (LOW)","Men"
"41975","ADISTAR FENCE H","METSIL/BLACK/MASBLU","FOOTWEAR","FENCING","SHOES","SHOES (LOW)","Men"
"16157","T-MAC 3","RUNWHT/COLROY/METSIL","FOOTWEAR","BASKETBALL","SHOES","SHOES (LOW)","Men"
"552583","COSMOS 2005","VIRTUA/METSIL/BLACK","FOOTWEAR","TRACK AND FIELD","SHOES","SHOES (LOW)","Unisex"
"906577","KNIT TOP","BLACK","TEXTILES","GOLF","OTHER SHIRTS","SHIRT (LONG SLEEVE)","Men"
"E34909","ADIPURECOURT L3","BLACK","HARDWARE","TENNIS","HARDWARE ACCESSORIES","RACKETS","Unisex"
"G15208","GOLF COMPOUND","WHT/WHT/TITAPD","FOOTWEAR","GOLF","SHOES","SHOES (LOW)","Men"
"G02367","AMBITION STR IV M","RUNWHT/HIGBLU/DKNAVY","FOOTWEAR","TENNIS","SHOES","SHOES (LOW)","Men"
"57105","3SA VEST","LGTSCARLT/BLACK","TEXTILES","TRAINING","JACKETS","JACKET","Men"
"658507","NY STADIUM BP","TORO/DARKNAVY","HARDWARE","BASEBALL","BAGS","BACKPACK","Unisex"
"V35987","ESS F TANK","WHITE/MEDIULEAD","TEXTILES","TRAINING","T-SHIRTS","T-SHIRT (SLEEVELESS)","Men"
"618891","WEIGHT SUIT M","POPPY/WHITE","TEXTILES","WEIGHTLIFTING","UNDERWEAR","BODYWEAR-SUIT","Men"
"538003","RESPONSE WRESTL","ORANGE/RUNWHT/BLACK","FOOTWEAR","WRESTLING","SHOES","SHOES (LOW)","Men"
"145943","MAT WIZARD II","BLACK/Silver/GOLDMT","FOOTWEAR","WRESTLING","SHOES","SHOES (LOW)","Men"
"K11489","SPT ESS SS","BLACK","TEXTILES","WORKOUT","T-SHIRTS","T-SHIRT (SHORT SLEEVE)","Men"
"553314","ADISTAR BOXING","METSIL/BLACK/SATELL","FOOTWEAR","BOXING","SHOES","SHOES (LOW)","Men"
"153654","BOXING ROBE","BAYBERRY/SILVER","TEXTILES","BOXING","APPAREL ACCESSORIES","ROBE","Men"
"E85243","NEW JAQUARD POL","WHTTITANI","TEXTILES","GOLF","POLO SHIRTS","POLO SHIRT (SHORT SLEEVE)","Men"
"99386","AMBITION STR IV W","RUNWHT/RUNWHI/RAVPNK","FOOTWEAR","TENNIS","SHOES","SHOES (LOW)","Woman"
"G15163","ATHLETIC DRIVE","WHTTIT/WHTTIT/DPTIPD","FOOTWEAR","MOTORSPORT","SHOES","SHOES (LOW)","Men"
"J22843","PREMIER ZIGFLY","BLACK/GRAVEL/LIGHT/SILVER","FOOTWEAR","RUNNING","SHOES","SHOES (LOW)","Men"
"V71388","KAPOLEI II","BLACK/WHITE","FOOTWEAR","OUTDOOR","SANDALS/SLIPPERS","SLIDES","Woman"
"652456","DRIVE SCUP PRO","BLACK1/BLACK1/TITAPD","FOOTWEAR","CAR RACING","SHOES","SHOES (HIGH)","Men"
"537988","D`ARTAGNAN II","METSIL/BLACK/POPPY","FOOTWEAR","FENCING","SHOES","SHOES (LOW)","Men"
"790903","BS TOKYO M","BLACK","TEXTILES","SURFING","SHORTS","SHORTS (1/4)","Men"
"V39150","RSP DS S/S T W","BLACK/WHITE","TEXTILES","RUNNING","T-SHIRTS","T-SHIRT (SHORT SLEEVE)","Woman"
"U44197","DRIVE SCUP PRO","BLACK1/BLACK1/MIDYEL","FOOTWEAR","CAR RACING","SHOES","SHOES (HIGH)","Men"
"G17598","RABANATOR II LOGO K","BLACK1/LEGACY/RED","FOOTWEAR","SKATEBOARDING","SHOES","SHOES (LOW)","Kid"
"608256","NY BTS BP","BLACK/SILVER","HARDWARE","BASEBALL","BAGS","BACKPACK","Unisex"
"J05334","DMX RIDE DESTRY TR","BLACK/WILDBERRY","FOOTWEAR","WORKOUT","SHOES","SHOES (LOW)","Woman"
"K41623","ESS SUIT","BLACK/BLACK","TEXTILES","WORKOUT","SUITS","TRACKSUIT","Men"
"616734","B LONGTIGHT L","POPPY","TEXTILES","TRACK AND FIELD","TIGHTS","TIGHTS (1/1)","Woman"
"V34848","ESS SH SL","RED","TEXTILES","SWIM","SWIMWEAR","SWIM SHORTS","Kid"
"790809","TANK BEATER M","ALU","TEXTILES","SURFING","T-SHIRTS","T-SHIRT (SHORT SLEEVE)","Men"
"G02745","FLINT TR BOOT PL M","BLACK1/DRKCIN/DRKCIN","FOOTWEAR","OUTDOOR","SHOES","SHOES (MID)","Men"
"607844","W COMP TOP","WHITE/PURECYAN","TEXTILES","TENNIS","TOPS","TANK","Woman"
"W07691","CORE COTTON T","EXCELLENT RED S11","TEXTILES","TRAINING","T-SHIRTS","T-SHIRT (SHORT SLEEVE)","Men"
"616906","B SHORTTIGHT L","POPPY/WHITE","TEXTILES","TRACK AND FIELD","TIGHTS","TIGHTS (1/4)","Woman"
"507628","WLK S/S TEE W","DARKSLATE/WHITE","TEXTILES","WALKING","T-SHIRTS","T-SHIRT (SHORT SLEEVE)","Woman"
"29604","BRIEF WMN","BLACK","TEXTILES","WORKOUT","UNDERWEAR","BRIEFS","Woman"
"G00130","GROUND CONTROL","WHT/WHT/BLACK1","FOOTWEAR","GOLF","SHOES","SHOES (LOW)","Men"
"44592","TECH METEOR LTH","BLACK/RUNNINWHT","FOOTWEAR","TRACK AND FIELD","SHOES","SHOES (LOW)","Unisex"
"781516","C 610 BLACK /.","0,00","HARDWARE","ALPINE SKIING","GLIDING SP.EQUIPMENT","#N/A","Unisex"
"41980","ADISTAR BOXING","BLACK/RUNWHT/MASBLU","FOOTWEAR","BOXING","SHOES","SHOES (LOW)","Men"
"561729","NAROO X-CROSS","BLACK1/WHT/METSIL","FOOTWEAR","SWIM","SANDALS/SLIPPERS","SLIDES","Men"
"113899","DAROGA LEA","FLINT/CAROB/METGOL","FOOTWEAR","OUTDOOR","SHOES","SHOES (LOW)","Men"
"507813","CB III TANKINI","BLACK","TEXTILES","SWIM","SWIMWEAR","BIKINI SET","Woman"
"G02729","RACER","DPTIPD/DPTIPD/TITAPD","FOOTWEAR","MOTORSPORT","SHOES","SHOES (LOW)","Men"
"K81727","POLARFLEECE","BLACK","TEXTILES","OUTDOOR","JACKETS","JACKET","Woman"
"545182","TORPEDO MINI","ORANGE/BLACK","HARDWARE","RUGBY","BALLS","BALL (MACHINE-STITCHED)","Men"
"G02728","RACER HI","PDDETI/PDDETI/TITAPD","FOOTWEAR","CAR RACING","SHOES","SHOES (MID)","Men"
"G44619","DURAMO 3 TR M","MIDCIN/BLCSIL/DSHALE","FOOTWEAR","RUNNING","SHOES","SHOES (LOW)","Men"
"G03721","P ABSOLION PS HG CL STAR","BLACK1/METSIL/RED","FOOTWEAR","FOOTBALL/SOCCER","SHOES","FOOTBALL SHOES (HARD GROUND)","Men"
"537989","RESPONSE BOXING","BLACK/METSIL/POPPY","FOOTWEAR","BOXING","SHOES","SHOES (LOW)","Men"
"210481","TS CREATOR SHRT","BLACK/WHITE","TEXTILES","BASKETBALL","SHORTS","SHORTS (1/2)","Men"
"K13579","OTM WOVEN/HOOD","BLACK","TEXTILES","WORKOUT","JACKETS","JACKET","Woman"
"617165","B BRIEF L","POPPY/WHITE","TEXTILES","TRACK AND FIELD","SWIMWEAR","TRUNK","Woman"
"781834","TENEIGHTY GREY SILVER/BLAC","0,00","HARDWARE","ALPINE SKIING","GLIDING SP.EQUIPMENT","#N/A","Unisex"
"558218","TENNIS HEADBAND","WHITE/DARKNAVY","TEXTILES","TENNIS","HEADWEAR","HEADBAND","Unisex"
"690673","WREST KID 3-STR","NEWNAVY/WHITE","TEXTILES","WRESTLING","UNDERWEAR","BODYWEAR-SUIT","Kid"
"538005","A`TTAAK","RUNWHT/METSIL/LGGREY","FOOTWEAR","WRESTLING","SHOES","SHOES (LOW)","Men"
"RK17936","OTM PANT","BLACK","TEXTILES","WORKOUT","PANTS","PANTS (1/1)","Woman"
"U44059","DRIVE PILOT","BLACK1/BLACK1/YELCAB","FOOTWEAR","MOTORSPORT","SHOES","SHOES (LOW)","Men"
"E18480","AP CL JSY Y","BLACK/WHITE","TEXTILES","FOOTBALL/SOCCER","JERSEYS","JERSEY (SHORT SLEEVE)","Kid"
"P93519","PRED BEANIE","BLACK/RADIANRED","TEXTILES","FOOTBALL/SOCCER","HEADWEAR","BEANIE","Men"
"G16908","ATHLETIC DRIVE","BLACK1/BLACK1/DCHILI","FOOTWEAR","MOTORSPORT","SHOES","SHOES (LOW)","Men"
"805980","TORPED MINI","ORANGE/METSILVER","HARDWARE","RUGBY","BALLS","BALL (MACHINE-STITCHED)","Men"
"519041","FEROZA ELITE","POPPY/BLACK/METSIL","FOOTWEAR","CAR RACING","SHOES","SHOES (LOW)","Men"
"G16909","ATHLETIC DRIVE","DPTIPD/DPTIPD/BLACK1","FOOTWEAR","MOTORSPORT","SHOES","SHOES (LOW)","Men"
"791419","JKT 8.2 A M","BLUE","TEXTILES","SURFING","JACKETS","JACKET","Men"
"558128","NY BACK STRIPE","VICTORRED/WHITE","TEXTILES","BASEBALL","HEADWEAR","CAP","Unisex"
"549057","BETA III","CHOCOLATE/RUNNINWHT","FOOTWEAR","SKATEBOARDING","SHOES","SHOES (LOW)","Men"
"557947","NY FADE STR CAP","THUNDGREY/WHITE","TEXTILES","BASEBALL","HEADWEAR","CAP","Unisex"
"545183","TORPEDO MIDI","WHITE/METSILVER","HARDWARE","RUGBY","BALLS","BALL (MACHINE-STITCHED)","Men"
"X35603","GOLF CU GILET","TIN","TEXTILES","TRAINING","JACKETS","JACKET","Woman"
"15183","CAGEY VET","BLACK/SILVER/Silver","FOOTWEAR","BASKETBALL","SHOES","SHOES (LOW)","Men"
"40131","TYGUN 04","BLACK/GOLD","FOOTWEAR","BOXING","SHOES","SHOES (LOW)","Men"
"370422","AB WOOLIE BASIC","BLACK","TEXTILES","RUGBY","HEADWEAR","CAP","Unisex"
"218962","ADI-STAR SERIES FOOTBALL","BLACK/SILVER","HARDWARE","AMERICAN FOOTB.","BALLS","BALL (LAMINATED)","Unisex"
"V22211","AKWAH 7 K","BLACK1/RUNWHI/CORENE","FOOTWEAR","SWIM","SANDALS/SLIPPERS","SANDALS","Kid"
"950271","WC06 TROPHY SG","TRANSPARE/PALEYELLO","HARDWARE","FOOTBALL/SOCCER","PROTECTION GEAR","SHIN GUARD","Men"
"44586","TECHSTAR METEOR","REPUBL/LOYAL/STAR","FOOTWEAR","TRACK AND FIELD","SHOES","SHOES (LOW)","Unisex"
"38698","LIGHT TECH J","BLACK/Silver/INFRED","FOOTWEAR","TRACK AND FIELD","SHOES","SHOES (LOW)","Kid"
"873335","TONGO","OLIVE/FIR/LIGHTC","FOOTWEAR","OUTDOOR","SANDALS/SLIPPERS","SANDALS","Men"
"561712","DAROGA K","NEWNAV/BLACK1/ORAPEE","FOOTWEAR","OUTDOOR","SHOES","SHOES (LOW)","Kid"
"791407","TEE CHICK M","SWAMP","TEXTILES","SURFING","T-SHIRTS","T-SHIRT (SHORT SLEEVE)","Men"
"E73835","EU CLUB S/S","UNIVERRED/WHITE","TEXTILES","BASKETBALL","T-SHIRTS","T-SHIRT (SHORT SLEEVE)","Men"
"538009","TYRINT II","COBALT/RUNNINWHT","FOOTWEAR","WRESTLING","SHOES","SHOES (LOW)","Men"
"901799","SPEED CAP SI","ALUMINUM2/WHITE","TEXTILES","BASKETBALL","JACKETS","VEST","Men"
"J84595","SLIMTONE EDGE","BLK/TOTALLY TEAL/WHITE","FOOTWEAR","WALKING","SHOES","SHOES (LOW)","Woman"
